"","ME","RMSE","MAE","MPE","MAPE","ACF1","Theil's U"
"NN24",4500.63355171017,7799.15742260251,6331.07839697651,8.35049158604394,11.5971703161595,0.913070062438797,2.69325416191221
"NN26",4976.15179923751,7675.04480010161,6244.11539277227,9.09035305332358,11.3381910147854,0.89516427838171,2.62295931173458
"NN36",4972.02433622922,7580.1216817929,6205.88513782327,9.0726454621654,11.2513688940193,0.889894436370537,2.59467731054926
"STL+ETS",4320.59494687448,6453.93955346517,4992.94293153875,7.5768796106444,8.8521964333878,0.837768587848252,2.13999498242738
"TBATS",2905.5993982344,5794.0564182361,4369.83987467228,5.03801447642489,7.80851245043089,0.860708482014955,1.94379620755635
